Z,time
0.0,0.0
-2.071524025746065,1.0
-2.7795327489236508,2.0
-2.502681789110374,3.0
3.404543316779604,4.0
0.9243985217443212,5.0
4.255374199805281,6.0
2.2238079732480007,7.0
3.8016630171069927,8.0
5.121159912344826,9.0
2.4980759162608597,10.0
4.147258551010118,11.0
4.238713639479403,12.0
0.9558721785232697,13.0
-2.8902486529493867,14.0
-3.143869218189303,15.0
-4.4193548719317235,16.0
-2.726221936297446,17.0
-1.8851055914013075,18.0
-0.49210867598237445,19.0
-1.0388408007491614,20.0
-3.790557887390965,21.0
-3.98279873449376,22.0
-3.9669321850432198,23.0
-4.957197251639412,24.0
-5.219595644864015,25.0
-5.0125730583065335,26.0
-5.438618191447383,27.0
-5.05314602632491,28.0
-0.42009997054237613,29.0
-2.1810919522038112,30.0
0.3176283774511708,31.0
4.2766297090111935,32.0
5.265519206278256,33.0
5.96085852702162,34.0
7.083857214122866,35.0
4.398258200928706,36.0
6.820629132228065,37.0
4.3452671386918915,38.0
4.159466716580622,39.0
2.2224341995201424,40.0
5.720019514138753,41.0
3.366556669785191,42.0
5.3996949425909255,43.0
5.017293389590926,44.0
5.618005688868328,45.0
4.727936412425103,46.0
2.870541439117725,47.0
5.648144808902609,48.0
3.671764461626557,49.0
5.502807171539693,50.0
3.215427822642547,51.0
5.504636958325643,52.0
5.457907487279789,53.0
1.595833699598955,54.0
2.0681763849330754,55.0
3.293197761776578,56.0
5.351690344209296,57.0
5.587446315597267,58.0
4.3221696199446535,59.0
2.2616344571141416,60.0
1.9175591299872143,61.0
2.544132943247434,62.0
6.228283707884661,63.0
2.0866712382816583,64.0
6.287336460183681,65.0
5.893272997807488,66.0
2.5515344638349946,67.0
4.265184029040806,68.0
6.070362917479476,69.0
4.827774768079005,70.0
2.141199936780711,71.0
1.586912147951837,72.0
6.159197383170103,73.0
6.242816450373918,74.0
5.128526638942818,75.0
4.4433730622757786,76.0
4.524875233063797,77.0
6.238241553175432,78.0
0.8959462533543339,79.0
4.790997124051444,80.0
5.198351224245172,81.0
5.33516941662143,82.0
5.880015992963021,83.0
4.984823170827763,84.0
4.599631709246902,85.0
5.842180987335762,86.0
5.725392545066727,87.0
5.9919493527609555,88.0
4.673768264691321,89.0
4.947493065714228,90.0
2.033308317145343,91.0
-0.46348382653623643,92.0
1.8783877619257507,93.0
0.20677687370556197,94.0
-0.9554941583931766,95.0
0.7139346063201897,96.0
-1.5847305748084126,97.0
-1.3525616553865978,98.0
-2.8268285602581567,99.0
-4.339063360159908,100.0
-3.3732413583839636,101.0
-3.9747013921408714,102.0
-3.6952952915531716,103.0
-4.4166107043732445,104.0
-4.999577892374834,105.0
-3.870697617530547,106.0
-5.125678478189693,107.0
-5.335880692081666,108.0
-3.8245979915832176,109.0
-4.941178229499454,110.0
-2.358419717031098,111.0
-3.8409278498457446,112.0
-2.699704245458702,113.0
-6.613264598305601,114.0
-5.036670287986719,115.0
-0.011184523896436982,116.0
0.37288419837337794,117.0
-1.2060356052118681,118.0
-3.7147702213642013,119.0
-6.859482199750602,120.0
-5.050896716728664,121.0
-6.759968103181824,122.0
-2.0578996251887456,123.0
-5.10099916837164,124.0
-7.74283118610271,125.0
-0.9422827858402472,126.0
-3.7465909439240455,127.0
-3.1948270276943997,128.0
-4.934884413578519,129.0
-6.03316763574901,130.0
-6.280657603536485,131.0
-2.4216138983576077,132.0
-4.496097924416574,133.0
-2.4981048965170842,134.0
-0.8483158115647456,135.0
1.946809622898945,136.0
3.4265178706683708,137.0
2.78504959007197,138.0
3.1981698654790716,139.0
-1.0520467944807064,140.0
-3.366270296219719,141.0
-4.621632002757163,142.0
-2.9827690569681247,143.0
-6.104471335602188,144.0
-4.7140539732666955,145.0
-4.448347339659702,146.0
-5.559989612842958,147.0
-4.286307617184577,148.0
0.24803656546619923,149.0
3.452315652920959,150.0
4.762400399908613,151.0
5.230749424889753,152.0
3.4696078848828007,153.0
3.1640688921042934,154.0
1.5061982150488915,155.0
-1.2743272779670767,156.0
-1.5225192555761613,157.0
-0.843174130660965,158.0
-1.9240794687351326,159.0
-6.0712766520406936,160.0
-4.008547349299171,161.0
-4.167867621474278,162.0
-2.311628733871604,163.0
-2.2115991164954854,164.0
-3.5400855384638206,165.0
-5.466431147938495,166.0
-4.137973474737362,167.0
-4.792833891735363,168.0
-3.906661651095103,169.0
-4.998131463251524,170.0
-5.375858199198279,171.0
-5.981383430266013,172.0
-4.908037258972525,173.0
-4.872493063596167,174.0
-6.773567772010096,175.0
-4.610114362714288,176.0
-4.550939646892926,177.0
-6.011173870672515,178.0
-3.74825153778768,179.0
-5.056835022318713,180.0
-4.426492217612238,181.0
-6.811958298141691,182.0
-5.237927596221218,183.0
-5.386494334144568,184.0
-5.504623610973911,185.0
-1.5941193171882821,186.0
-7.09205108035747,187.0
-5.208807992280647,188.0
-5.6601004978389255,189.0
-3.3986080911236836,190.0
-4.501838023599508,191.0
-3.291025656009842,192.0
-6.3797183469592325,193.0
-4.609862941080431,194.0
-3.1701597069746272,195.0
-5.567602383131284,196.0
-1.68629213591557,197.0
0.260834574341405,198.0
2.3329162264250267,199.0
3.286274262875404,200.0
4.102274491036484,201.0
5.525131810260887,202.0
4.445756796466171,203.0
5.902479567984774,204.0
5.831501755880139,205.0
5.1757125746044785,206.0
4.228171618298259,207.0
3.9778047837452313,208.0
2.834289386750544,209.0
3.7487380578175022,210.0
4.126043056652001,211.0
5.4392077912818415,212.0
6.116690687405191,213.0
4.489943164525377,214.0
2.8253006025822045,215.0
4.7781237309690034,216.0
5.505258123011844,217.0
1.268542705532537,218.0
0.47379941036387946,219.0
-1.8983411233865706,220.0
-7.026287854179761,221.0
-4.964708921297352,222.0
-5.194755182590584,223.0
-5.808952667699908,224.0
-3.4417843986771044,225.0
-5.068438452758647,226.0
-5.139032996975392,227.0
-5.595369946459452,228.0
-6.192351437630867,229.0
-5.912496945957514,230.0
-4.86924296242079,231.0
-3.8837110011050555,232.0
-6.423436404606121,233.0
-3.0562339784360257,234.0
-1.5849498898867698,235.0
2.492873562369262,236.0
3.1415431007831196,237.0
5.538820223698115,238.0
6.009989396492868,239.0
5.288065546150814,240.0
4.726835239217512,241.0
1.9079723438991383,242.0
8.042439256833829,243.0
6.578546259642157,244.0
4.176768869310395,245.0
2.169755941168194,246.0
5.051270436588204,247.0
6.002410828538231,248.0
2.9215704143543064,249.0
5.699454708280798,250.0
6.733942032754488,251.0
4.342946663974841,252.0
7.137553731123668,253.0
4.914110311319867,254.0
4.10396144574165,255.0
4.473438015573086,256.0
-0.26645459050672693,257.0
1.369929566934359,258.0
2.8147262112470397,259.0
1.5834300445609109,260.0
5.0282556788691934,261.0
6.140566241988611,262.0
4.600578286496421,263.0
4.07216220225361,264.0
4.981637982892208,265.0
3.418171155286082,266.0
-1.2079641274384758,267.0
-2.865857779766962,268.0
0.30785301271248655,269.0
-3.283528389565307,270.0
-0.2734078593265544,271.0
-1.7298032250352402,272.0
-4.020087896291978,273.0
-3.8726875896122466,274.0
-3.549961371302364,275.0
-0.16391762203438098,276.0
-1.5269331270554136,277.0
-0.5054498757855622,278.0
-1.4096366785584595,279.0
-0.23069864136477453,280.0
2.168850473345623,281.0
5.1086158217866,282.0
5.329882122254698,283.0
5.502064681866043,284.0
3.967728247047856,285.0
3.347990940913832,286.0
6.6264427474922725,287.0
6.080916305596109,288.0
3.951966157519048,289.0
3.481148479904044,290.0
3.615421219741566,291.0
2.6500773912722146,292.0
3.6736188467440365,293.0
5.000275650953987,294.0
2.607239466594387,295.0
3.0811415964282896,296.0
4.425181478885534,297.0
2.969604091036878,298.0
3.1890216767437716,299.0
2.434315321884452,300.0
4.595871843951919,301.0
3.5257417859865368,302.0
5.313084580160279,303.0
2.9687248747879003,304.0
4.265090105150745,305.0
-2.417946165507712,306.0
-4.103066723370334,307.0
-5.117942182989585,308.0
-5.050304355355059,309.0
-6.30644500783311,310.0
-5.827832229881778,311.0
-3.2527082409696413,312.0
-0.9347775156378517,313.0
-3.6898598775882774,314.0
-4.806757295588749,315.0
-3.581685074412148,316.0
-4.489854777483905,317.0
-2.5509847049690997,318.0
-4.51123132263316,319.0
-5.407061861049071,320.0
-4.952643076991416,321.0
-4.572328016280381,322.0
-5.217237424504786,323.0
-4.749060504189322,324.0
-4.759450368523052,325.0
-4.924971921637945,326.0
-4.082447522576546,327.0
-2.109642168489078,328.0
-3.0271012442468477,329.0
-1.3792042419223296,330.0
-5.49652054904609,331.0
-5.053611215261014,332.0
-3.9900584474776464,333.0
-4.729400633221214,334.0
-4.929327281859169,335.0
-6.4484895485196505,336.0
-3.612297837729475,337.0
-3.167802786128987,338.0
-1.0955224010639206,339.0
-2.7647572887587413,340.0
-2.330192494803877,341.0
-1.5364391227815677,342.0
-8.020997515278108,343.0
-1.1308831406459035,344.0
1.7536217757213475,345.0
2.6717770638795915,346.0
5.45519734203541,347.0
6.547094772619957,348.0
4.456968927766056,349.0
4.947946923236582,350.0
5.3226562345455015,351.0
5.760372822861117,352.0
5.514626112874919,353.0
5.683113745273177,354.0
2.903158501094226,355.0
5.285715519868697,356.0
6.04621345952694,357.0
5.8001582346253535,358.0
5.173026727397514,359.0
5.793586252739964,360.0
0.48064889448789694,361.0
-4.642824170459514,362.0
-2.6521617313063324,363.0
-7.115886809792813,364.0
-4.0980497491333905,365.0
-6.0937593318159236,366.0
-5.3711204631366165,367.0
-3.315520239335913,368.0
-2.9630604558034896,369.0
-4.214980638808097,370.0
-5.789102711977838,371.0
-3.880493113512088,372.0
-0.8783160776128904,373.0
1.2007060949134256,374.0
3.5363487714060127,375.0
6.4133161941097185,376.0
2.106371358268978,377.0
6.054479547791585,378.0
4.227052838456073,379.0
5.843759916052701,380.0
5.427525034564801,381.0
3.442383290827803,382.0
6.301794448274136,383.0
5.767833199181119,384.0
6.50941618384579,385.0
5.8322382318937125,386.0
4.684384377696013,387.0
5.918466130229868,388.0
3.989448545839616,389.0
3.6785436875734847,390.0
4.026615514575527,391.0
5.243377799100472,392.0
5.288791901150956,393.0
5.660171498918328,394.0
5.291629697769054,395.0
5.9081238793987705,396.0
5.48791623180532,397.0
3.8281452515629506,398.0
0.9125063497635447,399.0
3.123253751159539,400.0
5.557029231431395,401.0
4.005556355348263,402.0
4.252555537494287,403.0
2.7610226027976124,404.0
4.005465758736997,405.0
5.17790719508304,406.0
4.924906312517848,407.0
4.103803472609187,408.0
0.8563925510862942,409.0
1.8109057165953277,410.0
2.218121935934817,411.0
1.514116712849046,412.0
2.4954682527717615,413.0
1.4582970175204344,414.0
3.675320881525951,415.0
1.6504268438072465,416.0
4.878969182952217,417.0
3.0196097403977245,418.0
4.887278882874825,419.0
5.914753157089699,420.0
4.91523893336108,421.0
2.9162040147981414,422.0
4.394648818013496,423.0
4.255262669692854,424.0
5.583628644617122,425.0
5.986280911354567,426.0
3.8055869248932455,427.0
3.0082291912370356,428.0
2.4922427422031914,429.0
4.664803760004059,430.0
7.240230867708554,431.0
4.066921844269226,432.0
5.61287699475445,433.0
4.815712427084511,434.0
6.476762834294352,435.0
6.125982288208423,436.0
6.784526569660003,437.0
6.026036718404534,438.0
4.198460331464023,439.0
3.461993539996204,440.0
5.5775049613117496,441.0
2.0185931350813373,442.0
4.61877087525359,443.0
5.3856867398462205,444.0
5.871145386206466,445.0
6.69162904498439,446.0
5.962900062670517,447.0
6.35989860258184,448.0
4.370528522259121,449.0
1.3335523370807105,450.0
5.684505062944458,451.0
2.0776678214756616,452.0
1.360062952909859,453.0
4.944759205590477,454.0
3.7970059794157827,455.0
7.07662194361183,456.0
5.641588063104729,457.0
5.099937476381498,458.0
6.629059424519907,459.0
5.277491125012065,460.0
4.354738109433278,461.0
5.274182637060406,462.0
2.605745938509657,463.0
4.91938376039327,464.0
3.4887728099896855,465.0
2.6311839594834985,466.0
0.7606892032226291,467.0
2.8685571258431084,468.0
5.543200802563189,469.0
6.200969029906976,470.0
4.541981864976966,471.0
1.9229241125437666,472.0
1.0983676134499163,473.0
3.9542288194259365,474.0
3.28769891004503,475.0
5.855680714358303,476.0
3.3279761041994034,477.0
5.157109931558481,478.0
5.222217860183668,479.0
5.256834394974675,480.0
0.7379971227179758,481.0
1.316791551172416,482.0
-2.830624802301596,483.0
-4.790448538230214,484.0
-2.1051375914094943,485.0
-1.8246914620718278,486.0
-0.7248162638265864,487.0
2.0146775550885345,488.0
1.3419898613321584,489.0
2.6845040013083525,490.0
0.7672488731760388,491.0
-1.4587225713878311,492.0
-6.018649490527465,493.0
-4.460581674271028,494.0
-4.53288686558735,495.0
-6.769659268501798,496.0
-4.826580704631916,497.0
-5.083238875394472,498.0
-3.3499151960836167,499.0
-4.105877353800298,500.0
-6.175518057028871,501.0
-4.953897516006018,502.0
-5.719586479369825,503.0
-4.3714978421857715,504.0
-5.478242469969424,505.0
-6.169177245519547,506.0
-3.70914133402458,507.0
-4.328181943664719,508.0
-4.72314372465937,509.0
-5.180070941518943,510.0
-4.71506686280593,511.0
-6.147462865179762,512.0
-7.393299146224112,513.0
-5.588202540816859,514.0
-3.539788974698254,515.0
-2.8973369831071385,516.0
-5.074047469014491,517.0
-3.2116851239963697,518.0
-6.512998635324076,519.0
-3.741424999668397,520.0
-3.0760323085553662,521.0
-3.297295551358018,522.0
-4.2808930938257275,523.0
-2.3357724259369914,524.0
-2.593131417755275,525.0
-4.780199369684847,526.0
-4.640582640829828,527.0
-4.240592877040812,528.0
-2.7189583362699805,529.0
-3.0716146881952158,530.0
-4.324734674211615,531.0
-4.93623274046338,532.0
-6.0512238681049,533.0
-4.914933499875704,534.0
-4.523076347373571,535.0
-5.497073102876132,536.0
-5.79264884423218,537.0
-5.745486245713809,538.0
-4.731846903185048,539.0
-1.4317561937527965,540.0
-5.290053993372332,541.0
-4.9890851949877515,542.0
-4.940483800251904,543.0
-3.709865841056443,544.0
-2.10578784566497,545.0
-1.6148509853096817,546.0
-5.643364656992097,547.0
-4.753052124515852,548.0
-5.545318613966215,549.0
-3.764259385864207,550.0
-6.106336969442364,551.0
-5.653864186686855,552.0
-4.957431227114789,553.0
-4.045171439846551,554.0
-3.8857224950626006,555.0
-4.337801805717545,556.0
-5.650419181722707,557.0
-4.081810678904338,558.0
-2.8128686030868053,559.0
-5.994798604389046,560.0
-6.234740864696445,561.0
-5.487757103764318,562.0
-3.8076544307241043,563.0
-4.046823892388941,564.0
-1.972106965334791,565.0
-6.986234448577926,566.0
-6.205139414161573,567.0
-3.9064979004245735,568.0
-4.730708898825227,569.0
-6.954714988435235,570.0
-1.9923818984271426,571.0
-3.156871971028855,572.0
0.7535148402996905,573.0
3.414320858798433,574.0
1.6235770434090715,575.0
2.6646232943245556,576.0
5.6933435446581955,577.0
4.453639504358499,578.0
0.01942632557653723,579.0
-0.8692204001574443,580.0
-1.6804432278786137,581.0
1.7417594220088826,582.0
2.67061082511752,583.0
6.097731898271709,584.0
3.0769595744979377,585.0
4.863938293810227,586.0
3.1029021951045253,587.0
2.3757476099040105,588.0
2.4263203241503737,589.0
0.10895287179703428,590.0
-3.4997077755595485,591.0
-4.109778095358825,592.0
-4.814278046781898,593.0
-1.2103989253500473,594.0
1.3755949308606583,595.0
-0.48768425414474215,596.0
2.904146391205247,597.0
4.721370819218354,598.0
5.602157388329979,599.0
6.2094728730968125,600.0
4.557274053164013,601.0
4.548835266566999,602.0
3.6447900456172087,603.0
3.4422928245126876,604.0
1.5713975363859496,605.0
1.22194526608677,606.0
3.7302459438910374,607.0
4.682926549621418,608.0
4.301380282184941,609.0
5.0524022621182905,610.0
5.547708229257705,611.0
4.331887404859184,612.0
4.921053654066331,613.0
5.89557840105193,614.0
3.5552789319048737,615.0
4.2107641056760166,616.0
6.801071024612781,617.0
4.640132154559605,618.0
3.693652541953413,619.0
5.227333812850689,620.0
4.131665106705991,621.0
5.025126676490332,622.0
6.387887809995759,623.0
5.286597023985877,624.0
5.689791761680574,625.0
6.47081035176098,626.0
5.281534053628112,627.0
4.977969520686126,628.0
4.914037112035615,629.0
1.71828785654591,630.0
4.979901122967995,631.0
5.653398104802709,632.0
4.948101051467882,633.0
4.751475708344706,634.0
5.254068776492081,635.0
4.35127463991322,636.0
2.8961776011915457,637.0
4.984982750282861,638.0
5.72256584082032,639.0
3.237290970531358,640.0
4.432464169139106,641.0
4.22934335702084,642.0
3.4751190480302148,643.0
4.300897547245803,644.0
3.6724802944677086,645.0
3.968825931670742,646.0
5.898554064800209,647.0
4.202961562011388,648.0
6.317210252470544,649.0
6.36997897410758,650.0
5.507609884932048,651.0
4.714607131566359,652.0
4.405026034508059,653.0
5.259820174149565,654.0
6.417868557462199,655.0
6.963138753903219,656.0
4.3991042206394475,657.0
4.935572380462285,658.0
5.68962197110883,659.0
5.4255391403976185,660.0
8.684111280249082,661.0
2.864152122450378,662.0
-2.078921094761935,663.0
0.9155782792038325,664.0
5.432414837159272,665.0
3.4080330179957192,666.0
6.1572037115731675,667.0
4.600296961917389,668.0
5.935228864089021,669.0
4.00661577829642,670.0
4.8418018866875565,671.0
5.501961282164877,672.0
5.066266919780616,673.0
4.551448297806176,674.0
4.213759367314691,675.0
6.656919120659587,676.0
5.00493879359574,677.0
4.558922766845477,678.0
6.281587882814614,679.0
4.886820964338315,680.0
4.6291978594658,681.0
3.457530178791134,682.0
0.5727604378833837,683.0
4.400483167636175,684.0
1.1126780530551112,685.0
2.825295802409605,686.0
3.9195034664826176,687.0
5.0731198913338105,688.0
5.11554430267975,689.0
5.988370099677493,690.0
4.217781848445115,691.0
5.943802954473437,692.0
4.763428902380409,693.0
5.1816580387247075,694.0
6.013874310166914,695.0
5.355004932667441,696.0
5.077506832413672,697.0
4.846952286842172,698.0
6.163594732455573,699.0
1.0961698694918547,700.0
-2.8854533737942454,701.0
-2.938133238518527,702.0
-1.9684214034694096,703.0
-4.535713642313343,704.0
-6.2478747423306995,705.0
-1.6632769148497217,706.0
-0.6175300553965481,707.0
-3.20692729827002,708.0
-4.4143672060429076,709.0
-4.095837259938799,710.0
-4.905854200566537,711.0
-5.712621873734097,712.0
-3.5847949942927793,713.0
-5.14428506596628,714.0
-2.8829491764573314,715.0
-4.776525723974082,716.0
-5.445663709754596,717.0
-5.304509401555247,718.0
-6.04342227953468,719.0
-4.793583975736926,720.0
-5.025897912451223,721.0
-3.846036192277225,722.0
-3.0913557029800645,723.0
-3.503563660606056,724.0
-2.5370228923183493,725.0
-5.650306502146722,726.0
-4.849326139633874,727.0
-4.260972174990764,728.0
-6.8516117348116845,729.0
-5.092752920811801,730.0
-3.7316848654161037,731.0
-3.763350988378007,732.0
-4.19134768609885,733.0
-5.638134643518107,734.0
-5.720055381944945,735.0
-5.397945485964903,736.0
-4.802701913651891,737.0
-5.351226648207631,738.0
-4.922029635893074,739.0
-3.269834363819888,740.0
-2.536477195497859,741.0
-2.6339777725241964,742.0
-2.01406804236843,743.0
0.5859291641106892,744.0
2.8806776775770233,745.0
4.759770576994407,746.0
4.458793931221509,747.0
6.326648124893841,748.0
4.306748127713948,749.0
4.825916882456072,750.0
5.982350936604309,751.0
4.961550689862207,752.0
3.3306175255493375,753.0
6.1250209546723395,754.0
4.742289491211977,755.0
5.635570263602241,756.0
4.304679997485125,757.0
5.89326155722011,758.0
6.637407636199846,759.0
4.213951029612245,760.0
1.9184326889271297,761.0
1.602721572500667,762.0
2.423873690424635,763.0
3.574282468289423,764.0
3.254313560120474,765.0
6.1635579607864175,766.0
2.8095181095792268,767.0
3.7617304718507727,768.0
4.273997556539192,769.0
4.141695718138816,770.0
4.949243683621511,771.0
6.678497034128248,772.0
2.922071354222653,773.0
-0.09579513147954227,774.0
0.5577397026512144,775.0
0.8062532995998439,776.0
6.448391010449703,777.0
6.97193426586766,778.0
-0.020291074995991698,779.0
-0.0757223540993372,780.0
2.412534027798026,781.0
4.721956564077279,782.0
6.531885519721417,783.0
3.7080489572721445,784.0
3.87077428984881,785.0
4.753594138933665,786.0
4.744143459827903,787.0
5.767378280900156,788.0
4.038289869755493,789.0
4.2152564391007665,790.0
3.5043323299175295,791.0
3.976150801398288,792.0
4.4999725038829474,793.0
6.0905675075470125,794.0
4.127531605095483,795.0
4.759009088991891,796.0
6.008540636775755,797.0
6.111490680532745,798.0
5.472281524709543,799.0
2.91944071371638,800.0
4.4296073571880115,801.0
5.439123536963389,802.0
2.664897214333929,803.0
1.504760393878449,804.0
4.563754868933885,805.0
4.832067026134822,806.0
3.4594120214852957,807.0
0.7486954446564682,808.0
2.21836249210924,809.0
3.655752971500892,810.0
4.900995328581038,811.0
3.3928126135275414,812.0
7.333091759388756,813.0
5.634921445840251,814.0
6.118755130460999,815.0
2.1427864548180042,816.0
-1.5766509338904322,817.0
-1.955047433186418,818.0
-0.9014346287734364,819.0
0.9311319293439022,820.0
-1.5251751583980042,821.0
-2.4012361244606732,822.0
-1.7720226527771576,823.0
-6.086222029376062,824.0
-3.827801694565493,825.0
-5.75862575553661,826.0
-4.861817352619303,827.0
-2.2395455554890034,828.0
-0.9084542350022624,829.0
-2.81273695354835,830.0
-3.9887115122143815,831.0
-2.8250892635862246,832.0
-3.014946179276427,833.0
-5.250934862136788,834.0
-5.029191866189123,835.0
-1.7074417155689923,836.0
-6.276767903302939,837.0
-4.59565879213777,838.0
-4.693336218428335,839.0
-1.2474869339971184,840.0
-5.076650939057749,841.0
-4.765747951291891,842.0
-4.375782287399124,843.0
-2.392535362062764,844.0
-2.774717996336609,845.0
-5.06054527740727,846.0
-4.8134100489325915,847.0
-6.691985616455113,848.0
-3.158398498151993,849.0
-2.974177426496769,850.0
-1.9933529722877406,851.0
-5.572582338306855,852.0
-1.0713496835677268,853.0
1.1677875986545247,854.0
2.107903516633204,855.0
5.324250518875725,856.0
6.294835824044835,857.0
6.6137158241276115,858.0
4.733072150773421,859.0
3.091681957508802,860.0
4.282683302434574,861.0
6.028806222387225,862.0
4.616550092631845,863.0
6.403384778634692,864.0
5.610323624814791,865.0
5.120900785734108,866.0
2.541880070106691,867.0
2.978338779453786,868.0
6.772913475121413,869.0
3.5699350398944527,870.0
2.549919218744835,871.0
2.758545481784304,872.0
0.3574202977711287,873.0
0.8870651745930314,874.0
-1.0040056611979076,875.0
-4.330481473226518,876.0
-5.272212189085573,877.0
-5.953503626617296,878.0
-2.242210255232306,879.0
-4.240260556485749,880.0
-3.7425321926573893,881.0
-3.023629064417985,882.0
-1.565640359247022,883.0
-1.4687087113829473,884.0
-2.8371420374682303,885.0
-3.9758744901026697,886.0
-4.297494234905269,887.0
-2.1005297548773534,888.0
-0.36169761131105815,889.0
-1.653048285284649,890.0
-0.46664782653485537,891.0
-0.34531517718835913,892.0
2.7389076230604585,893.0
6.6453552578646455,894.0
3.5928042800797284,895.0
2.2716714742408732,896.0
-0.6914254774676187,897.0
-1.8195772038502387,898.0
-0.5467288034687912,899.0
-0.32718852889620603,900.0
-3.752906924051303,901.0
-6.333629890928549,902.0
-5.653852905069454,903.0
-4.362200603141396,904.0
-3.803441639460574,905.0
-2.905580284225797,906.0
-6.654512577241524,907.0
-2.863862428585131,908.0
-4.444284798985647,909.0
-5.644637007228544,910.0
-6.291951977202843,911.0
-4.521204035516139,912.0
-5.148972541542405,913.0
-2.128651363116119,914.0
-1.7764494355788933,915.0
-2.6426820386742143,916.0
-1.3419076151255551,917.0
-3.5393399242487598,918.0
-6.13983963591469,919.0
-5.3639204429749245,920.0
-4.504972591346879,921.0
-4.587432698865584,922.0
-4.304800589021999,923.0
-4.39607528517714,924.0
-5.7979538697938935,925.0
-3.5558617382621702,926.0
-2.587790843990768,927.0
-4.252442152055894,928.0
-5.454638928783542,929.0
-1.737489738078132,930.0
-4.558933926705159,931.0
-2.5034308969932435,932.0
-4.932777171504105,933.0
-4.9590425199455455,934.0
-6.254696332524659,935.0
-3.729923084036386,936.0
-2.724898136045364,937.0
-5.9574048314581685,938.0
-4.023066411005291,939.0
2.375454479640723,940.0
4.374650477715235,941.0
0.48027985925955696,942.0
-0.983968965823462,943.0
-2.9594898683239994,944.0
-2.176186367306349,945.0
-5.227298877574812,946.0
-2.029480420721265,947.0
-6.324841544142677,948.0
-5.639630975945953,949.0
-2.935728842290779,950.0
-2.5503448264059196,951.0
-5.132157545320286,952.0
-6.878373929723532,953.0
-4.3215049274841055,954.0
-4.5687451958936505,955.0
-6.396401157853599,956.0
-3.1896225095684096,957.0
-5.591027613811947,958.0
-2.909823937108154,959.0
-1.8163738384674164,960.0
-0.014197939844890595,961.0
1.3813873128094813,962.0
3.6405929170738243,963.0
4.5753183449940975,964.0
5.025605656706539,965.0
6.172368902049364,966.0
4.7465894349627575,967.0
3.94546169296997,968.0
6.1942148611568255,969.0
5.597294934853223,970.0
3.4298538821856015,971.0
5.208993163369302,972.0
4.759252670691504,973.0
0.6002280544661498,974.0
-1.1928905552619256,975.0
-4.621906838306493,976.0
-1.7204229117796643,977.0
-3.0067402138889014,978.0
-6.2735150583049,979.0
-5.078223125920532,980.0
-7.136280572968298,981.0
-5.602937251526263,982.0
-4.547938227271653,983.0
-3.404792071032544,984.0
-3.1256734391181373,985.0
-5.9002904381549035,986.0
-3.99241293630283,987.0
-5.215921418183275,988.0
-4.244265754881572,989.0
-4.9605513979928,990.0
-3.9694690149837175,991.0
-4.220486247330276,992.0
-5.362050022037587,993.0
0.01373835400163989,994.0
-2.713990601631523,995.0
-5.197820969803467,996.0
-5.749630907256518,997.0
-4.982437610382668,998.0
-4.651659546956924,999.0
-2.1065974174241653,1000.0
-5.2445973834039545,1001.0
-5.253801827916664,1002.0
-5.447195792230421,1003.0
-1.9399087894112401,1004.0
-3.2404989181592287,1005.0
-2.6651679194926032,1006.0
-5.7830511315784605,1007.0
-6.141706624477751,1008.0
-5.707771885750289,1009.0
-8.045594633228054,1010.0
-4.801391206909417,1011.0
-3.314794316476706,1012.0
-2.4943164825949697,1013.0
-2.5678691298750294,1014.0
-3.6236164417490095,1015.0
-4.031039101999675,1016.0
-4.274023043255769,1017.0
-4.479438893548631,1018.0
-4.854860060022637,1019.0
-4.130868728142449,1020.0
-4.135276515825868,1021.0
-4.432975821893284,1022.0
-5.861040397957417,1023.0
-2.3955913874041808,1024.0
-0.7738185541709715,1025.0
-1.891048507808898,1026.0
-3.0679825023794733,1027.0
-4.313512364505627,1028.0
1.626392485309819,1029.0
-3.9068294363460154,1030.0
-1.032044779348439,1031.0
-0.7527562736295369,1032.0
-1.374678516576442,1033.0
-2.18676008032388,1034.0
-2.3366300181725945,1035.0
-5.274836791622314,1036.0
-4.18855467407766,1037.0
-3.7440239303490257,1038.0
-6.865644313921404,1039.0
-3.804067174287628,1040.0
-0.32697811155819667,1041.0
-3.4461394314102196,1042.0
0.442309936395732,1043.0
-0.8501954711506926,1044.0
0.6241484189114626,1045.0
-0.5256872436238191,1046.0
0.23978179200233146,1047.0
2.73722055674151,1048.0
5.801342369415043,1049.0
5.057907674996057,1050.0
6.007088235041612,1051.0
4.093339966759371,1052.0
6.2140191433469605,1053.0
4.898347974985694,1054.0
2.3328602395459437,1055.0
3.3909170936014403,1056.0
6.037151058626048,1057.0
6.113094743981877,1058.0
2.096624745004053,1059.0
3.021699035139203,1060.0
3.127791859861858,1061.0
5.774628128140376,1062.0
4.18271890317566,1063.0
2.965713323628609,1064.0
4.39057692187165,1065.0
5.848312871887536,1066.0
3.3639863884497005,1067.0
4.308873345093158,1068.0
6.88451974651736,1069.0
5.536761368455348,1070.0
3.792617995849111,1071.0
4.667175756729756,1072.0
-0.7720152935832717,1073.0
1.8536898594904188,1074.0
4.543994531896208,1075.0
3.566575054389109,1076.0
2.397118453386692,1077.0
4.417320123256245,1078.0
4.672251172412775,1079.0
5.1391059707434295,1080.0
4.701039549160448,1081.0
2.740877593243698,1082.0
2.2659875234035143,1083.0
2.516336214083752,1084.0
5.370592115985258,1085.0
3.0998188928412285,1086.0
-1.9885515537593617,1087.0
-5.418431527234397,1088.0
-5.669241783009937,1089.0
-2.6482926571971035,1090.0
-5.37820648093539,1091.0
-3.6113565155493004,1092.0
-4.0796233279953995,1093.0
-3.2362335751506786,1094.0
-4.138036257945508,1095.0
-5.379551497245949,1096.0
-5.06657401402459,1097.0
-1.9815707779790437,1098.0
-2.7728538664357525,1099.0
-6.295566744840386,1100.0
-6.97929159243475,1101.0
-6.03116008226922,1102.0
-4.84027750037816,1103.0
-5.2611347185110375,1104.0
-2.601507013409299,1105.0
-4.353637410194833,1106.0
-3.343516826678327,1107.0
-2.6132209127453643,1108.0
-6.068481690668447,1109.0
-2.257275027261474,1110.0
-4.885869059696907,1111.0
-2.4257396955197286,1112.0
-4.660524569916419,1113.0
-6.405956755828914,1114.0
-4.119625621715164,1115.0
-5.623305234663613,1116.0
-1.5739219842562406,1117.0
-4.020790116595061,1118.0
-4.33655849693851,1119.0
-4.69056515851486,1120.0
-2.864214276218277,1121.0
-0.886398732142441,1122.0
-1.4917877323308009,1123.0
-0.8178407963365661,1124.0
-2.5044460397930095,1125.0
-0.6502688340324797,1126.0
0.680084115426636,1127.0
2.050906885594941,1128.0
1.447900539749397,1129.0
1.0151387712448638,1130.0
4.650219657846465,1131.0
4.34161858313647,1132.0
5.874037111554529,1133.0
5.034728347516488,1134.0
5.261564217581523,1135.0
5.352198225294115,1136.0
3.19891786054564,1137.0
6.203323322964192,1138.0
1.5899952296189916,1139.0
0.250725269823443,1140.0
0.32871793846536723,1141.0
0.7010970798430523,1142.0
-1.9440640474722466,1143.0
-1.1426242318480526,1144.0
-2.809309107923523,1145.0
-3.3142300196898153,1146.0
-5.224707335804671,1147.0
-4.604307041598334,1148.0
-3.4449719911927876,1149.0
-0.17126589135691656,1150.0
4.454749489181924,1151.0
4.457586868164862,1152.0
4.431474859197924,1153.0
-1.7437783234464697,1154.0
0.8293434803203967,1155.0
1.7876782412337924,1156.0
3.9463885359998665,1157.0
3.232076124299837,1158.0
5.5044082450172365,1159.0
2.8583451858907027,1160.0
3.778322565340496,1161.0
-0.717331271098826,1162.0
0.5607761434355957,1163.0
-4.143941411995064,1164.0
-4.239158374503539,1165.0
-5.2361534987577985,1166.0
-5.636113198274717,1167.0
-5.340990989126764,1168.0
-6.418633932648241,1169.0
-4.656807858692556,1170.0
-5.023928939967981,1171.0
-1.914162074313492,1172.0
0.22503858514014752,1173.0
-6.3100082646762825,1174.0
-5.166342925461096,1175.0
-4.910305685298246,1176.0
-5.8156029188666265,1177.0
-5.295508321632737,1178.0
-4.460090273984433,1179.0
-4.86658580052999,1180.0
-0.8302929169080662,1181.0
0.6214164385775642,1182.0
0.4892644473074087,1183.0
0.6268641539644242,1184.0
5.663424495678162,1185.0
5.547304359717665,1186.0
5.108358764552059,1187.0
4.956554059790023,1188.0
4.727304340821688,1189.0
4.0784456309869075,1190.0
4.343710317459118,1191.0
5.57163827743293,1192.0
5.909528999834913,1193.0
5.411721377133656,1194.0
3.1845006839924412,1195.0
5.711175520080876,1196.0
5.2126477906929605,1197.0
5.190828865831806,1198.0
3.319649201985862,1199.0
3.8135813124511446,1200.0
3.7429125959798673,1201.0
2.59933493865512,1202.0
3.236134872264638,1203.0
4.997574574124571,1204.0
1.6604054274789268,1205.0
-0.31993625209177434,1206.0
-2.6134851711299674,1207.0
-3.736706593292417,1208.0
-6.104567143312913,1209.0
-3.7039793710233524,1210.0
-5.211500364887946,1211.0
0.27358333989585226,1212.0
0.9197071034762322,1213.0
4.005273284112649,1214.0
3.45502216952833,1215.0
4.759497641412922,1216.0
3.657615551100694,1217.0
4.730765435666348,1218.0
4.014553914879632,1219.0
4.56465788008637,1220.0
6.142906503489021,1221.0
7.089563627173879,1222.0
4.269521613429077,1223.0
2.630689504602846,1224.0
3.615252580208738,1225.0
3.808326767822906,1226.0
5.523362083190979,1227.0
4.638351738985465,1228.0
2.4404977614275296,1229.0
0.9969736951041503,1230.0
1.833328126910195,1231.0
6.070102360988544,1232.0
6.733323529229818,1233.0
5.595653965537515,1234.0
3.712732004375386,1235.0
4.533449709514551,1236.0
4.756120889056462,1237.0
0.9569496184719462,1238.0
-2.8738392522767358,1239.0
-1.7258421452004444,1240.0
1.0778220061886719,1241.0
2.134096104932703,1242.0
5.143644351656911,1243.0
1.3261119129730814,1244.0
3.530511950390498,1245.0
2.153745315401957,1246.0
5.15546737269759,1247.0
4.903896872379817,1248.0
6.468778893367595,1249.0
5.411376113441912,1250.0
3.548430975121646,1251.0
5.336758527660862,1252.0
3.8953618655083684,1253.0
1.9887228630260896,1254.0
0.8399571544026045,1255.0
3.214209396284617,1256.0
4.564217692379444,1257.0
5.48994532234082,1258.0
4.055048738667349,1259.0
-1.4925119356451373,1260.0
-5.864135212361079,1261.0
-6.2704610477323195,1262.0
-3.6886166478438005,1263.0
-5.5344333558129115,1264.0
-2.813144127279042,1265.0
-2.156173513947891,1266.0
-1.8993600495249612,1267.0
0.1281596479465257,1268.0
-0.2906266958640519,1269.0
4.659371419255367,1270.0
3.833408995185844,1271.0
3.069727613810282,1272.0
5.160148692758497,1273.0
4.615772558666179,1274.0
4.7429188347775035,1275.0
6.589364737190493,1276.0
6.346759804130794,1277.0
7.555230929765593,1278.0
4.866907019966289,1279.0
1.0715358933691164,1280.0
-3.870568792065959,1281.0
-4.9848950156036995,1282.0
-4.563840840440402,1283.0
-5.878162036477631,1284.0
-4.410616471426703,1285.0
-5.771147516878905,1286.0
-3.047521104516286,1287.0
-2.887960516094975,1288.0
-2.3567784917645676,1289.0
-0.725690558628465,1290.0
-1.5503044626010147,1291.0
2.56279161301393,1292.0
4.889284511835945,1293.0
6.484862718344642,1294.0
5.0441950077469455,1295.0
5.189993475017673,1296.0
5.718345882242007,1297.0
3.150862194561027,1298.0
2.760187906460228,1299.0
4.55217396921572,1300.0
5.152291670170466,1301.0
1.2743571348465985,1302.0
1.183390521402813,1303.0
1.0899041641400744,1304.0
4.230495320129435,1305.0
2.9603769750529385,1306.0
6.007199023743669,1307.0
3.841334504790729,1308.0
-0.9712172734009527,1309.0
-2.9602493230652875,1310.0
-2.221034430838166,1311.0
-3.558319582556221,1312.0
-4.714285922631954,1313.0
-4.123777991933496,1314.0
-4.920879581801354,1315.0
-4.635149744383978,1316.0
-6.882267138359548,1317.0
-5.626467737047313,1318.0
-5.3593389845746655,1319.0
-7.887602459271539,1320.0
-6.415613051141877,1321.0
-3.270243102001138,1322.0
-3.6981353771276506,1323.0
-5.055106329405687,1324.0
-4.522985138257487,1325.0
-4.420345968468849,1326.0
-5.752861763725358,1327.0
-5.100899733240732,1328.0
-4.072215578988713,1329.0
-4.791512976751511,1330.0
-2.3415922771360647,1331.0
-4.2250893237481915,1332.0
-2.706666309632688,1333.0
-5.091674487731544,1334.0
-1.9401048156234926,1335.0
-5.641709280139026,1336.0
-3.930956634913718,1337.0
-4.462429480797884,1338.0
-2.448002436624116,1339.0
-0.5849830924760202,1340.0
-0.582421660034486,1341.0
2.4063866358192554,1342.0
2.5845706435746876,1343.0
4.3882635402599535,1344.0
5.836037630415818,1345.0
3.929553156397698,1346.0
5.225224194425575,1347.0
4.917691322651997,1348.0
3.3391803460053535,1349.0
0.6749635744027369,1350.0
3.7223510219557836,1351.0
5.207302695051527,1352.0
0.08493477287333828,1353.0
-0.2668970625910003,1354.0
-4.425126936873928,1355.0
-6.633206367597891,1356.0
-4.522215049576002,1357.0
-6.646278032295064,1358.0
-6.886064955079498,1359.0
-5.390078831528521,1360.0
0.5720454007165444,1361.0
1.4099067405830055,1362.0
5.0727366646465155,1363.0
6.327525539274696,1364.0
5.4711784866127235,1365.0
4.827072381915543,1366.0
6.344507979572992,1367.0
5.1391159060865625,1368.0
4.396401117830953,1369.0
3.9324704255647136,1370.0
2.1113930801193943,1371.0
3.242290511972261,1372.0
2.142774579726249,1373.0
-1.2079681541551566,1374.0
-0.770116050881138,1375.0
-0.03583597516686901,1376.0
2.5747505988755006,1377.0
5.661360151068749,1378.0
5.487389664071635,1379.0
4.7962150282105345,1380.0
3.963686225418631,1381.0
2.683817735930295,1382.0
3.854828698806302,1383.0
2.654074867637053,1384.0
5.733538364992476,1385.0
5.872405650109155,1386.0
3.1190901336139003,1387.0
3.6894458972537842,1388.0
5.273151119231184,1389.0
5.127632720816319,1390.0
6.244684920928938,1391.0
6.453628309996626,1392.0
5.132114682398467,1393.0
6.240973010660747,1394.0
5.311736275792891,1395.0
3.38736503963767,1396.0
2.1011847606983265,1397.0
4.0141181891978475,1398.0
2.1963027064956826,1399.0
-1.5392525735860234,1400.0
-4.278014670386853,1401.0
-4.56524665919072,1402.0
-2.277519122671123,1403.0
-0.0812704279619747,1404.0
3.1534328562266243,1405.0
3.740039775466145,1406.0
5.299054158067113,1407.0
4.951705993760832,1408.0
5.3174462044860205,1409.0
5.786837473785067,1410.0
2.4947784393372485,1411.0
2.748692278979198,1412.0
5.465270060824213,1413.0
5.326343254736645,1414.0
2.8410488229011,1415.0
2.7474310784294724,1416.0
0.5159960061723552,1417.0
1.1626197155313436,1418.0
3.5856174300264723,1419.0
1.4080021101198434,1420.0
2.3509970629123353,1421.0
2.063587339777275,1422.0
3.5424693744233755,1423.0
4.472648804763257,1424.0
1.9958657085199456,1425.0
2.0819690106406337,1426.0
3.039460563729716,1427.0
3.484966277291825,1428.0
5.367571444829101,1429.0
6.223854274018629,1430.0
4.147515440817999,1431.0
2.3412848672400726,1432.0
-2.776252042277433,1433.0
-1.2708277996761457,1434.0
-5.941989729304156,1435.0
-4.991131632382825,1436.0
-4.146219191457548,1437.0
-5.33094216785553,1438.0
-2.464079171258674,1439.0
-5.474721198316652,1440.0
-3.853279462705088,1441.0
-3.777853603449629,1442.0
-6.438268518317795,1443.0
-6.618203250140716,1444.0
-4.003257193863682,1445.0
-5.6323577369427,1446.0
-4.8242654563189955,1447.0
-4.932909624796514,1448.0
-6.261045520978982,1449.0
-4.696546613409252,1450.0
-6.119952514061769,1451.0
-3.712043008785133,1452.0
-3.966623790857219,1453.0
-4.881561958860993,1454.0
-6.413276239962,1455.0
-1.748034179361513,1456.0
3.7723380414119685,1457.0
5.222371312371266,1458.0
6.205578415601899,1459.0
5.735792875184438,1460.0
3.9200342834572255,1461.0
3.526485480314901,1462.0
3.479458688127406,1463.0
6.061551791258096,1464.0
5.008350400516553,1465.0
3.918592808522899,1466.0
5.146683494793132,1467.0
5.763034076621349,1468.0
5.099939281265032,1469.0
4.79595306147868,1470.0
3.5426223139881894,1471.0
3.3183532437713357,1472.0
3.4276429655077574,1473.0
5.985965774650562,1474.0
6.693562270539213,1475.0
5.098797779303373,1476.0
4.292689599140697,1477.0
4.545546654432201,1478.0
5.080570916633633,1479.0
1.319427308251911,1480.0
6.0323225650814605,1481.0
4.580568672532243,1482.0
4.246462297961316,1483.0
1.631910174438952,1484.0
4.640429562789511,1485.0
3.18162447342948,1486.0
5.900458253321313,1487.0
6.898010823801915,1488.0
5.369828226793542,1489.0
4.5806099058287275,1490.0
6.435399688836922,1491.0
4.801259985600695,1492.0
5.171074663525598,1493.0
3.0811975298156535,1494.0
2.3239906392686533,1495.0
3.2232050685600577,1496.0
0.8653042861348454,1497.0
1.863014106762456,1498.0
3.7521452471539987,1499.0
8.676652086323426,1500.0
6.55665552875921,1501.0
3.710508619138132,1502.0
5.64495416223918,1503.0
5.3839132752577,1504.0
5.015250798660758,1505.0
2.0545467980473755,1506.0
3.253229449398919,1507.0
4.322253475002249,1508.0
5.892930318434071,1509.0
3.7610942514513317,1510.0
2.989756594640821,1511.0
2.6805603817940025,1512.0
5.2714541716214125,1513.0
5.909372873698819,1514.0
4.234874545236355,1515.0
4.871949713770096,1516.0
5.545315869446387,1517.0
6.3670639996368585,1518.0
6.541722752925192,1519.0
6.645303452012611,1520.0
2.8988755524631054,1521.0
5.455651631991375,1522.0
5.592312276966219,1523.0
5.1703336466142655,1524.0
5.497677340062246,1525.0
2.3953451114327566,1526.0
1.3490893021923622,1527.0
4.2667902320770486,1528.0
1.9112682703433488,1529.0
3.1303019006613284,1530.0
3.968539754272922,1531.0
5.050450256646565,1532.0
6.164951328676823,1533.0
5.4467087971123,1534.0
6.002238579206294,1535.0
7.149329161854822,1536.0
5.448061631729576,1537.0
5.73922068797341,1538.0
5.2059887182652735,1539.0
1.9670187535332078,1540.0
4.194699614308804,1541.0
4.941350131667157,1542.0
4.412558734364706,1543.0
6.499682211344574,1544.0
3.8241814867578676,1545.0
4.232477835146222,1546.0
5.157935784661611,1547.0
4.221890113808384,1548.0
5.09325149235137,1549.0
6.629950988023588,1550.0
4.832309206335264,1551.0
3.2286874197151842,1552.0
5.692909792884491,1553.0
5.731507767826258,1554.0
6.398812294565202,1555.0
4.22061610224763,1556.0
5.496918840274289,1557.0
4.2429564693622055,1558.0
3.159669594220536,1559.0
3.7492532871315665,1560.0
5.569017024954135,1561.0
4.310310732930374,1562.0
5.236569067217958,1563.0
4.507829949892056,1564.0
4.061825230453596,1565.0
5.373624245390586,1566.0
6.070350342001087,1567.0
6.21775970420155,1568.0
5.585504927809704,1569.0
5.91818214886852,1570.0
5.047075229926837,1571.0
3.5140728681866826,1572.0
2.31597355961245,1573.0
3.6176179488875144,1574.0
4.821142731261013,1575.0
5.04982801823279,1576.0
4.4155521201498065,1577.0
5.947026375057683,1578.0
4.296669113877959,1579.0
4.914793308972821,1580.0
3.1957212631743444,1581.0
2.8510665750880806,1582.0
3.67087711604059,1583.0
4.697902861833783,1584.0
4.561269978500685,1585.0
2.8797622855481917,1586.0
4.354690739055758,1587.0
4.622982767888994,1588.0
5.335551341005891,1589.0
5.175470986168881,1590.0
5.423459235449546,1591.0
3.2988728312691573,1592.0
2.1258145196518767,1593.0
1.4030788846761577,1594.0
0.6667233326891548,1595.0
0.4999655526383431,1596.0
-3.5031827005349476,1597.0
-6.130208622328956,1598.0
-6.308281224649135,1599.0
-4.606750658783461,1600.0
-6.155507443728155,1601.0
-4.501616289923783,1602.0
2.0646230575654,1603.0
-0.170382162736614,1604.0
-0.10956464275454036,1605.0
4.8782695096670246,1606.0
5.6921447046130975,1607.0
4.201866013657616,1608.0
3.822251424565172,1609.0
2.1350271979434856,1610.0
3.131815224566869,1611.0
5.637885067842481,1612.0
1.8831634902419645,1613.0
5.134996132263875,1614.0
5.083506504855433,1615.0
2.7480600027263797,1616.0
3.7093995949714302,1617.0
4.5196278755145265,1618.0
4.637874839252905,1619.0
5.307127985809584,1620.0
6.073957042479703,1621.0
4.043226031672175,1622.0
4.888696197634236,1623.0
6.102607373827357,1624.0
-2.225243232404191,1625.0
-6.238010336721826,1626.0
-6.710146081673949,1627.0
-3.3378654081653183,1628.0
-3.3593853323535106,1629.0
-1.7481508780521295,1630.0
-5.672401672122408,1631.0
-4.016724987032283,1632.0
-5.9124661576852215,1633.0
-4.825576972862395,1634.0
-4.811192087997588,1635.0
-4.911379770885099,1636.0
-4.372788992697078,1637.0
-5.162373001145771,1638.0
-6.223054179921647,1639.0
-4.962084546476759,1640.0
-5.3045969036333425,1641.0
-5.055824841922892,1642.0
-5.038833897138322,1643.0
-5.308554761857997,1644.0
-3.8216162494266617,1645.0
-4.833634596282199,1646.0
-5.614612145672908,1647.0
-5.28232849618299,1648.0
-2.0239537616052847,1649.0
-4.505802427690851,1650.0
-2.2879007951786203,1651.0
-2.3890913086785397,1652.0
-4.6269527177199175,1653.0
-4.128726206369137,1654.0
-4.658851416033359,1655.0
-3.0278735810797532,1656.0
-6.440565369006977,1657.0
-4.260327006643255,1658.0
-3.6198060280730133,1659.0
1.0670118415905416,1660.0
1.7897749672407244,1661.0
1.9693728725483697,1662.0
3.9707028590785747,1663.0
5.6834825485932505,1664.0
4.443435122586573,1665.0
6.004269863786512,1666.0
5.671187582663906,1667.0
6.32273580106782,1668.0
2.227697554376016,1669.0
3.511673939879874,1670.0
4.857214782511734,1671.0
4.374135548456804,1672.0
4.928140732434253,1673.0
4.794486839403068,1674.0
2.0563403935071727,1675.0
2.9185084342739844,1676.0
4.18814201840684,1677.0
2.2283283710948614,1678.0
2.6181416465754226,1679.0
3.7464087083686075,1680.0
3.2416680893121743,1681.0
5.3251884941304075,1682.0
4.358471450255574,1683.0
3.405837665587969,1684.0
1.9471956437148286,1685.0
-1.0446915787318884,1686.0
-3.9286933267681383,1687.0
-4.590584906087516,1688.0
-3.7456475683898622,1689.0
-2.9054785234006006,1690.0
-3.796771835911266,1691.0
-3.645908484623038,1692.0
-3.2045968559548266,1693.0
-0.36741927826261744,1694.0
2.498530334181557,1695.0
2.9447010399869082,1696.0
1.0256826132492902,1697.0
-0.09352870160394033,1698.0
2.9359303106177785,1699.0
3.715407334038148,1700.0
4.251741539823749,1701.0
5.002804627307281,1702.0
3.7097421438645064,1703.0
5.514759899452807,1704.0
4.773371640687332,1705.0
3.0234143293065134,1706.0
5.494618801798821,1707.0
5.365852164622406,1708.0
5.553900944149236,1709.0
4.519941693025356,1710.0
2.363527741612603,1711.0
4.152628277481282,1712.0
2.1476563082640587,1713.0
5.795690754695155,1714.0
4.1198812387651165,1715.0
4.4227005553278085,1716.0
6.9522203497497514,1717.0
6.261876693437132,1718.0
5.297861544952943,1719.0
4.836465615297076,1720.0
6.469748048486917,1721.0
5.575329290007253,1722.0
4.4272110100260775,1723.0
5.137801556162446,1724.0
2.581336468404103,1725.0
1.7325118718167718,1726.0
1.9627539698069763,1727.0
3.006981155258992,1728.0
4.853606173129288,1729.0
3.1586299471291026,1730.0
5.7086751057238265,1731.0
4.31465391062565,1732.0
4.188277703524462,1733.0
5.8784271317471255,1734.0
3.0034689600400535,1735.0
4.307247784080254,1736.0
4.016516129704822,1737.0
2.250053231305886,1738.0
4.341277071803267,1739.0
2.016802675101904,1740.0
3.12831069908481,1741.0
2.67825194223598,1742.0
1.4124709673873983,1743.0
3.494506822380188,1744.0
5.704240388740175,1745.0
5.179645141195101,1746.0
5.384607498037545,1747.0
3.0835313342007877,1748.0
3.878871072973556,1749.0
4.57978438502104,1750.0
5.195643255700761,1751.0
5.9370294973662725,1752.0
3.7173603068072456,1753.0
3.94403227970718,1754.0
3.8097417368391846,1755.0
0.8564381166947201,1756.0
1.2381189909126074,1757.0
3.247831114292059,1758.0
5.84352800087844,1759.0
3.8899562310723534,1760.0
6.540260413835111,1761.0
2.966651949228665,1762.0
4.463717112555991,1763.0
5.200601264418202,1764.0
4.825943906831045,1765.0
4.261554613404547,1766.0
5.044716731403669,1767.0
6.3972459525356316,1768.0
4.685835540114464,1769.0
3.0310128262133156,1770.0
2.856703332758519,1771.0
0.2742606816918447,1772.0
-1.0095205623081034,1773.0
-2.2162866548481115,1774.0
-6.6809859493428245,1775.0
-0.8900799692890099,1776.0
-2.6511868102946075,1777.0
-3.4109832485531086,1778.0
-4.434727684698302,1779.0
-4.322845346305607,1780.0
-5.39835277112067,1781.0
-2.841751239575837,1782.0
-6.1577315274649465,1783.0
-6.52906567240563,1784.0
-2.8631323735606653,1785.0
-3.5896755932444835,1786.0
-2.0322652047903285,1787.0
0.16082141823081486,1788.0
-0.49423542257548714,1789.0
1.4353808989526915,1790.0
1.1029444669456945,1791.0
6.6098747408430425,1792.0
3.126529799810177,1793.0
3.730016147842328,1794.0
4.338638104694917,1795.0
2.485040577097151,1796.0
1.9225986803871193,1797.0
4.289055536457325,1798.0
1.505035563344141,1799.0
0.6098362946242672,1800.0
-2.088683167595973,1801.0
-4.822571841345433,1802.0
-2.836359188359769,1803.0
-6.788133267661898,1804.0
-5.24242069303005,1805.0
-6.373240541125401,1806.0
-5.739335256959027,1807.0
-4.035941666981125,1808.0
-4.283278114839374,1809.0
-3.638746857287015,1810.0
-4.255672335269145,1811.0
-4.988230031637256,1812.0
-3.6169137003087877,1813.0
-2.070877776702665,1814.0
-3.293213182727515,1815.0
-3.1437653549421065,1816.0
-6.117975971109793,1817.0
-4.3656421459011,1818.0
-5.848200090382282,1819.0
0.7042476305092791,1820.0
1.5589355545914103,1821.0
2.7217469318137195,1822.0
-0.22582139546069047,1823.0
-4.533081737817897,1824.0
-5.5881575748471075,1825.0
-4.21891230001581,1826.0
-3.3552414845649103,1827.0
-3.20537398085143,1828.0
-4.0609156300668765,1829.0
-2.9539304083291325,1830.0
-3.591095396420083,1831.0
-3.9763671584653366,1832.0
-1.1879770991828504,1833.0
0.34114099540411624,1834.0
-1.2128623366488225,1835.0
1.4554048209416357,1836.0
1.578434258926428,1837.0
-0.22192705120927536,1838.0
4.823463471892987,1839.0
3.3582146305658807,1840.0
3.1298992217572454,1841.0
6.214721884081606,1842.0
5.755822540577692,1843.0
4.853967176873453,1844.0
3.0879790107796876,1845.0
1.7592877379811205,1846.0
5.0695821251180435,1847.0
3.8141300208000253,1848.0
4.215742722776252,1849.0
3.0305091053387243,1850.0
3.6777297338837585,1851.0
5.249554424733064,1852.0
3.540090923094095,1853.0
6.002281273712184,1854.0
6.318775924655137,1855.0
6.138077138719602,1856.0
3.9038844564992607,1857.0
4.622699606444033,1858.0
2.774898473065363,1859.0
4.531662237128417,1860.0
3.8050172942323197,1861.0
1.278952429020542,1862.0
1.5405966351997455,1863.0
5.395734929742174,1864.0
3.3184529353018286,1865.0
4.226682886813543,1866.0
4.803189805083895,1867.0
3.2319182472773336,1868.0
2.8961632097984737,1869.0
-1.7776290227508493,1870.0
-0.10915876702777938,1871.0
-4.986531690677516,1872.0
-5.695237244867072,1873.0
-6.309799824253267,1874.0
-5.017907831888737,1875.0
-5.318578446668614,1876.0
-4.585012704601574,1877.0
-3.3826463803005278,1878.0
-5.908708638932417,1879.0
-3.6797994610934524,1880.0
-3.88176464270898,1881.0
-6.418324633271244,1882.0
-5.108721973343703,1883.0
-4.507520194200098,1884.0
-4.62960267776147,1885.0
-2.7307609410766505,1886.0
-5.607347147870735,1887.0
-6.328042962853601,1888.0
-4.099375546635571,1889.0
-2.1929999253142265,1890.0
-0.18705958149799418,1891.0
-0.2619398004747212,1892.0
-2.5787583627669806,1893.0
-3.708800476101696,1894.0
-4.2645808258989915,1895.0
-5.593354774572543,1896.0
-6.871568655002094,1897.0
-6.825871586906755,1898.0
-4.605983681557525,1899.0
-5.751023091377085,1900.0
-4.528328784541691,1901.0
-3.6516109197977586,1902.0
-2.6366014818012435,1903.0
0.6329960054154775,1904.0
6.310370641328284,1905.0
4.953584635458064,1906.0
5.555033626443819,1907.0
4.433568870138173,1908.0
5.776362939944759,1909.0
5.765528383586423,1910.0
6.005996957074095,1911.0
6.49302777387885,1912.0
4.0450018824341445,1913.0
2.83221378294285,1914.0
-1.0209499036249499,1915.0
-2.627282617345435,1916.0
-1.006044933321243,1917.0
-2.98509361193556,1918.0
-4.041808262422652,1919.0
-4.10736182563826,1920.0
-2.052929415658623,1921.0
-3.9962976371383707,1922.0
-3.372416710062982,1923.0
-3.4107679350677724,1924.0
-4.985921841553035,1925.0
-5.4974454530593775,1926.0
-4.820452474840379,1927.0
-5.4650754079783,1928.0
-4.175078476056548,1929.0
-3.4116575541789986,1930.0
-6.476088035497487,1931.0
-0.4579272620408914,1932.0
0.8575644170429392,1933.0
5.33627246454734,1934.0
3.5886478840704226,1935.0
4.028757066665368,1936.0
3.603476051006243,1937.0
5.264345763626794,1938.0
2.520958949457931,1939.0
2.941393459432846,1940.0
3.8622459571297925,1941.0
4.203954007884682,1942.0
6.50710653867723,1943.0
4.39878614451688,1944.0
2.3346329245058204,1945.0
3.384351063650737,1946.0
6.201312618128332,1947.0
3.783143399973207,1948.0
4.18711897200833,1949.0
5.871199377396755,1950.0
5.2855141672311925,1951.0
4.923968908080469,1952.0
4.922355781733422,1953.0
2.438541298822343,1954.0
4.885576071257892,1955.0
2.186479363370051,1956.0
4.703780253986388,1957.0
2.2034466318782915,1958.0
3.0331583273383176,1959.0
6.743125762554376,1960.0
4.589384099868735,1961.0
5.02076451620583,1962.0
5.2572560844899865,1963.0
3.0523912448789696,1964.0
1.401374043884008,1965.0
2.584082506771998,1966.0
3.9649948727384823,1967.0
6.699694624238933,1968.0
4.033915904089367,1969.0
3.5139337474927608,1970.0
3.5866559976163246,1971.0
6.422578473178808,1972.0
5.586539028467203,1973.0
5.020141224675027,1974.0
3.4231748482958286,1975.0
5.943615339614939,1976.0
4.223543728510379,1977.0
4.519951847273212,1978.0
5.627693223893818,1979.0
3.6792277879252366,1980.0
2.4365475804787473,1981.0
0.8363370139752262,1982.0
1.0510011366957954,1983.0
6.386713763371141,1984.0
5.381326838682439,1985.0
4.4115816823199,1986.0
5.749401734819106,1987.0
5.3017923828149645,1988.0
4.506340369768876,1989.0
1.492793674972964,1990.0
4.900683220682296,1991.0
5.07391615967798,1992.0
4.132841494802298,1993.0
4.1768840801958715,1994.0
5.008247678936694,1995.0
6.219950838400777,1996.0
5.784373582620607,1997.0
4.780522095301288,1998.0
2.3590210757233785,1999.0
